Name,X (Semi-Major axis),X error,Y (Orbital period),Y lower error bound,Y upper error bound
WASP-14 b,0.0367693,0.000701704,2.243752,1E-05,1E-05
Kepler-50 b,0.0825598,0.001376,7.8125124,5.2E-05,5.2E-05
NN Ser d,3.70596,0.132838,2605,124,124
Kepler-20 b,0.0453704,0.000756174,3.6961219,4.3E-06,6.4E-06
HAT-P-27 b,0.0399488,0.000868452,3.039577,5E-06,6E-06
HD 116029 b,1.64869,0.0489036,670,11,11
HD 219828 b,0.0515012,0.000858433,3.8334999,0.0013,0.0013
Kepler-11 c,0.106504,0.00373699,13.02502,8E-05,8E-05
HD 1237 b,0.494668,0.00825921,133.71001,0.2,0.2
WASP-21 b,0.0521087,0.000868478,4.322482,1.9E-05,2.4E-05
HD 4308 b,0.119192,0.00198916,15.56,0.02,0.02
WASP-25 b,0.0473714,0.000789523,3.764825,5E-06,5E-06
HD 24040 b,4.92406,0.206145,3668,169,171
HD 200964 b,1.64347,0.027497,613.8,1.35,1.35
HD 147018 b,0.238855,0.00398102,44.236,0.008,0.008
HD 218566 b,0.687282,0.0114835,225.7,0.4,0.4
HD 45364 b,0.68156,0.0138726,226.93,0.37,0.37
HD 141937 b,1.50087,0.0250831,653.21997,1.21,1.21
HD 156668 b,0.0499846,0.000833114,4.6455,0.0011,0.0011
MOA-2009-BLG-387L b,1.76808,0.372229,1970,1.6,1.6
Kepler-32 f,0.0130732,0.000217888,0.74296,7E-05,7E-05
GJ 649 b,1.13179,0.0353312,598.3,4.2,4.2
HD 132406 b,1.98227,0.0623818,974,39,39
HD 38529 c,3.6002,0.0603186,2146.0503,5.50631,5.50631
Kepler-62 b,0.0552794,0.000921324,5.714932,9E-06,9E-06
Kepler-49 c,0.07889,0.00131483,10.9129343,6.9E-05,6.9E-05
Kepler-55 c,0.202122,0.0033687,42.1516418,0.00053,0.00053
WASP-19 b,0.0163152,0.00027192,0.78884,3E-07,3E-07
Kepler-26 b,0.0902469,0.00150411,12.282356,9.7E-05,9.7E-05
HD 126614 A b,2.36847,0.0449871,1244,17,17
HD 177830 b,1.13872,0.0326968,410.1,2.2,2.2
HD 38283 b,1.02382,0.0173266,363.2,1.6,1.6
HD 217786 b,2.3791,0.0399423,1319,4,4
HD 32518 b,0.595162,0.031616,157.54,0.38,0.38
WASP-18 b,0.0201401,0.000335668,0.9414529,7.8E-07,8.6E-07
CoRoT-6 b,0.0854177,0.00142363,8.886593,4E-06,4E-06
HD 73267 b,2.19849,0.0375354,1260,7,7
HD 147513 b,1.30958,0.0241814,528.40002,6.3,6.3
HD 72659 b,4.75375,0.0839396,3658,32,32
BD +14 4559 b,0.775866,0.0451487,268.94,0.99,0.99
HD 197037 b,2.07477,0.0386933,1035.7,13,13
HD 70642 b,3.18072,0.0664037,2068,39,39
KELT-2 A b,0.0549707,0.000916178,4.1137912,1E-05,9.9E-06
Kepler-10 b,0.0167573,0.000374465,0.837495,4E-06,5E-06
HD 40307 c,0.0800702,0.00133455,9.62,0.002,0.002
HD 142 b,1.04292,0.0187933,350.3,3.6,3.6
WASP-10 b,0.0384536,0.000640893,3.0927616,1.12E-05,1.12E-05
GJ 328 b,4.43476,0.241398,4100,300,300
WASP-17 b,0.0499354,0.000832256,3.735433,7.5E-06,7.7E-06
HAT-P-17 b,0.0882385,0.00147064,10.338523,9E-06,9E-06
HD 102329 b,1.80892,0.0705383,778.1,7.5,7.5
HD 159868 b,2.29553,0.0399292,1178.4,8.8,8.8
WASP-75 b,0.0375,0.000767545,2.484193,3E-06,3E-06
HD 114783 b,1.15987,0.0195357,493.7,1.8,1.8
GJ 581 e,0.028459,0.000612022,3.14945,0.00017,0.00017
epsilon Ret b,1.19471,0.0321811,428.1,1.1,1.1
GJ 674 b,0.0386657,0.000645574,4.6938,0.007,0.007
Kepler-57 c,0.0942979,0.00157163,11.6092567,8.6E-05,8.6E-05
HD 168443 c,2.85281,0.0475509,1749.83,0.57,0.57
WASP-57 b,0.0386362,0.000643937,2.838971,2E-06,2E-06
HAT-P-37 b,0.0379273,0.000632121,2.79736,7E-06,7E-06
HD 81040 b,1.9372,0.0335243,1001.7,7,7
HD 208527 b,2.099,0.175162,875.5,5.8,5.8
Kepler-28 b,0.0581375,0.000968959,5.91213,0.00017,0.00017
HAT-P-32 b,0.0344203,0.000573671,2.150009,1E-06,1E-06
HD 95089 b,1.38575,0.0496321,507,16,16
XO-3 b,0.0477112,0.000795188,3.1915426,0.00014,0.00014
HD 114729 b,2.10235,0.0397982,1114,15,15
HD 100655 b,0.682908,0.0439699,157.57,0.65,0.65
HD 142415 b,1.06061,0.0179178,386.29999,1.6,1.6
CoRoT-9 b,0.406991,0.00678319,95.2738,0.0014,0.0014
HD 114386 b,1.72685,0.034571,937.70001,15.6,15.6
HD 103197 b,0.249018,0.0041516,47.84,0.03,0.03
7 CMa b,1.80264,0.0641495,763,17,17
WASP-16 b,0.0417858,0.00069643,3.1186009,1.46E-05,1.4E-05
HD 152581 b,1.48938,0.0669415,689,13,13
PH-1 b,0.629412,0.0104945,138.506,0.107,0.092
Kepler-37 d,0.21202,0.00598479,39.792187,4E-05,4.3E-05
HD 125595 b,0.0809437,0.00134924,9.6737,0.0039,0.0039
WASP-79 b,0.0534741,0.000891236,3.6623817,5.1E-06,5.1E-06
HIP 57274 c,0.177758,0.00405908,32.03,0.02,0.02
Kepler-30 d,0.534239,0.0143903,143.343,0.009,0.009
HD 93083 b,0.476549,0.0091737,143.58,0.6,0.6
HD 31253 b,1.26054,0.0216943,466,3,3
HD 89744 b,0.902604,0.0150438,256.78,0.05,0.05
PSR B1257+12 d,0.416595,0.00694326,98.2114,0.0002,0.0002
HD 183263 c,4.29488,0.125206,3066,110,110
WASP-42 b,0.0547344,0.00172922,4.9816877,6.8E-06,7.3E-06
Kepler-48 b,0.0534031,0.000890051,4.7779803,1.4E-05,1.4E-05
HD 192310 c,1.18358,0.0240777,525.8,9.2,9.2
HD 1690 b,1.36191,0.0885329,533,1.7,1.7
HAT-P-41 b,0.0425775,0.000709625,2.694047,4E-06,4E-06
Kepler-42 c,0.00585017,0.000750022,0.45328509,9.7E-07,9.7E-07
HD 28185 b,1.02341,0.0243881,379,2,2
HD 23127 b,2.31864,0.0570541,1214,9,9
HD 154672 b,0.598618,0.0188245,163.94,0.01,0.01
Kepler-52 b,0.0630945,0.00105157,7.8773565,3.8E-05,3.8E-05
gamma Leo A b,1.29554,0.0495751,428.5,1.25,1.25
NN Ser c,6.15467,0.11383,5571,67,67
HAT-P-2 b,0.0679088,0.0014364,5.6334729,6.1E-06,6.1E-06
HAT-P-24 b,0.0465021,0.000775035,3.35524,7E-06,7E-06
HD 11506 b,2.60488,0.0860586,1405,45,45
tau Boo b,0.0480039,0.000800065,3.312433,1.9E-05,1.9E-05
HD 34445 b,2.06642,0.0373473,1049,11,11
HD 125612 b,1.3728,0.025049,559.40487,1.2902,1.2902
Kepler-20 f,0.137859,0.00229766,19.57706,0.00052,0.00052
42 Dra b,1.16693,0.0475854,479.1,6.2,6.2
Kepler-53 b,0.136705,0.00227842,18.6489525,0.00016,0.00016
Kepler-11 b,0.0910985,0.00319644,10.30375,0.00016,0.00016
HD 153950 b,1.28031,0.0222079,499.4,3.6,3.6
Kepler-69 b,0.104565,0.00367914,13.722341,3.5E-05,3.6E-05
Kepler-27 c,0.168484,0.0138244,31.3309,0.00044,0.00044
HD 16141 b,0.355656,0.00593012,75.523,0.055,0.055
Kepler-7 b,0.0622369,0.00103728,4.885525,4E-05,4E-05
WASP-24 b,0.0365155,0.000608592,2.3412127,2E-06,2E-06
HAT-P-29 b,0.0666842,0.0011114,5.723186,4.9E-05,4.9E-05
Kepler-38 b,0.429659,0.00860312,105.595,0.053,0.038
HD 204313 d,3.94498,0.154055,2831.6,150,150
HD 50554 b,2.26097,0.0404767,1224,12,12
HD 11964 c,0.226601,0.00378015,37.910254,0.0406191,0.0406191
HD 13189 b,1.25186,0.0827152,471.6,6,6
HD 60532 b,0.759258,0.01764,201.3,0.6,0.6
HAT-P-11 b,0.0525443,0.000875738,4.8878162,7.1E-06,7.1E-06
HD 104067 b,0.264333,0.00440827,55.806,0.049,0.049
HD 20794 b,0.120738,0.00201261,18.315,0.008,0.008
HD 195019 b,0.136688,0.00227814,18.20132,0.00039,0.00039
GJ 832 b,3.4032,0.153157,3416,131,131
GJ 667 C b,0.0504235,0.000840405,7.199,0.001,0.001
CoRoT-19 b,0.0516604,0.000861007,3.89713,2E-05,2E-05
alpha Ari b,1.1296,0.0622865,380,0.3,0.3
61 Vir b,0.05006,0.000834347,4.215,0.0006,0.0006
HD 210702 b,1.17218,0.02013,354.29,2.2,2.2
HD 62509 b,1.75739,0.0293341,589.64001,0.81,0.81
HAT-P-4 b,0.0443853,0.00106695,3.056536,5.7E-05,5.7E-05
HAT-P-21 b,0.0494951,0.000824919,4.124481,7E-06,7E-06
alpha Cen B b,0.0418506,0.000697544,3.2357,0.0008,0.0008
mu Ara b,1.5273,0.0291073,643.25,0.9,0.9
WASP-45 b,0.0405459,0.0008921,3.1260876,3.5E-06,3.5E-06
HD 73526 c,1.02831,0.0176831,377.8,2.4,2.4
Kepler-17 b,0.0267923,0.000461936,1.4857108,2E-07,2E-07
14 Her b,2.93362,0.0835226,1773.4,2.5,2.5
HAT-P-33 b,0.0502683,0.00114653,3.474474,1E-06,1E-06
HIP 79431 b,0.358346,0.00615721,111.7,0.7,0.7
HD 171238 b,2.54268,0.0639253,1523,43,43
HIP 5158 b,0.887919,0.0174224,345.72,5.37,5.37
WASP-46 b,0.0244921,0.000408201,1.43037,2.3E-06,2.3E-06
GJ 849 b,2.35317,0.223235,1882,250,250
HAT-P-1 b,0.0553326,0.00125349,4.4652934,9.3E-06,9.3E-06
OGLE2-TR-L9 b,0.0413279,0.00072505,2.4855335,7E-07,7E-07
Kepler-54 b,0.0626016,0.00104336,8.0109434,6.9E-05,6.9E-05
WASP-22 b,0.0468682,0.00426074,3.53269,1E-05,1E-05
PSR B1257+12 b,0.168494,0.00280827,25.262,0.003,0.003
WASP-2 b,0.0312729,0.000521215,2.1522254,1.5E-06,1.4E-06
HD 164922 b,2.10091,0.0447657,1155,23,23
Kepler-30 c,0.300013,0.00808117,60.3231,0.0002,0.0002
tau Gru b,2.51797,0.092125,1311,49,49
WASP-34 b,0.0520747,0.00120305,4.3176782,4.5E-06,4.5E-06
HD 96063 b,1.11312,0.0312223,361.1,9.9,9.9
HAT-P-22 b,0.0414094,0.000690157,3.21222,9E-06,9E-06
CoRoT-7 b,0.0171897,0.000286495,0.853585,2.4E-05,2.4E-05
HD 5608 b,1.98519,0.0354968,792.6,7.7,7.7
HATS-1 b,0.0444708,0.00081184,3.446459,4E-06,4E-06
HD 80606 b,0.447343,0.0093391,111.4367,0.0004,0.0004
Kepler-45 b,0.0298817,0.00101294,2.455239,4E-06,4E-06
Kepler-68 b,0.061775,0.00102958,5.398763,4E-06,4E-06
WASP-78 b,0.0361391,0.000815169,2.17517656,4.8E-06,4.8E-06
HD 86264 b,2.84117,0.0850328,1475,55,55
GJ 581 d,0.217717,0.00468533,66.64,0.08,0.08
iota Hor b,0.92376,0.0160909,302.8,2.3,2.3
HD 37124 d,2.80658,0.060383,1862,38,38
HD 192263 b,0.152945,0.00254915,24.3556,0.0046,0.0046
HD 204313 b,3.07131,0.0577146,1920.1,25,25
Kepler-53 c,0.221868,0.00369779,38.5583038,0.00041,0.00041
KOI-889 b,0.0807413,0.00183503,8.884924,2E-06,2E-06
HIP 14810 b,0.0692271,0.00115378,6.673859,1.86E-05,1.86E-05
Kepler-10 c,0.239651,0.00535534,45.29485,0.00065,0.00076
HD 90156 b,0.249855,0.00417083,49.77,0.07,0.07
Pr 211 b,0.0320419,0.000534165,2.1451,0.0012,0.0012
Kepler-6 b,0.0456089,0.000760149,3.234723,1.7E-05,1.7E-05
24 Sex c,2.24032,0.0508144,910,21,21
HD 60532 c,1.57999,0.0397994,604,9,9
HD 68988 b,0.0692771,0.0017874,6.27711,0.00021,0.00021
HAT-P-26 b,0.0478684,0.000797807,4.234516,1.5E-05,1.5E-05
Kepler-20 e,0.063351,0.00105585,6.098493,6.5E-05,6.5E-05
HD 149143 b,0.0530508,0.00147489,4.072,0.007,0.007
Kepler-62 d,0.119499,0.00199165,18.16406,2E-05,2E-05
HD 79498 b,3.13296,0.0679968,1966.1,41,41
HD 181433 c,1.75604,0.0344933,962,15,15
70 Vir b,0.483601,0.00806003,116.6884,0.0044,0.0044
HD 102365 b,0.463328,0.00775933,122.1,0.3,0.3
BD -08 2823 b,0.0558236,0.00176521,5.6,0.02,0.02
CoRoT-11 b,0.0440549,0.000734249,2.99433,1.1E-05,1.1E-05
GJ 436 b,0.0287188,0.000478647,2.64385,9E-05,9E-05
HD 41004 B b,0.0176759,0.000589198,1.3283,1.2E-05,1.2E-05
WASP-37 b,0.0446312,0.00193,3.577469,1.1E-05,1.1E-05
HD 6718 b,3.55427,0.177272,2496,176,176
HD 33636 b,3.26519,0.0550626,2127.7,8.2,8.2
HAT-P-40 b,0.060845,0.00374916,4.457243,1E-05,1E-05
HD 240237 b,1.91887,0.160713,745.7,13.8,13.8
rho CrB b,0.225692,0.00376161,39.8449,0.0063,0.0063
HD 11977 b,2.063,0.0389307,711,8,8
HD 73534 b,3.0184,0.0754422,1770,40,40
Kepler-50 c,0.0932375,0.00155396,9.3761368,5.6E-05,5.6E-05
HD 164604 b,1.30299,0.025255,606.4,9,9
HD 37124 c,1.70993,0.0292453,885.5,5.1,5.1
HD 217107 c,5.33414,0.203648,4270,220,220
HD 74156 b,0.291535,0.00485894,51.638,0.004,0.004
Kepler-43 b,0.0449294,0.00102112,3.024095,2.1E-05,2.1E-05
WASP-13 b,0.0537035,0.000895058,4.353011,1.3E-05,1.3E-05
HD 13931 b,5.14931,0.327233,4218,388,388
HAT-P-18 b,0.0559503,0.000932505,5.508023,6E-06,6E-06
HD 155358 c,1.00082,0.026896,391.9,1,1
WASP-43 b,0.0142363,0.00040909,0.813475,1E-06,1E-06
Kepler-39 b,0.155007,0.00305317,21.0874,0.0002,0.0002
14 And b,0.823151,0.0191551,185.84,0.23,0.23
Kepler-29 b,0.0928723,0.00371489,10.3376,0.0002,0.0002
Kepler-24 b,0.0800144,0.00323683,8.14561,0.00024,0.00024
81 Cet b,2.28088,0.0928283,952.7,8.8,8.8
KOI-200 b,0.0827067,0.00246151,7.340718,1E-06,1E-06
CoRoT-3 b,0.0573788,0.00125647,4.2568,5E-06,5E-06
HAT-P-38 b,0.0522992,0.000871654,4.640382,3.2E-05,3.2E-05
Kepler-18 d,0.117171,0.00195285,14.85888,4E-05,4E-05
mu Ara e,0.93961,0.0179638,310.54999,0.83,0.83
HD 136118 b,2.33328,0.0390149,1187.3,2.4,2.4
HD 6434 b,0.142061,0.00236799,21.997999,0.009,0.009
HD 5319 b,1.63515,0.0506741,674.59998,17,17
HD 231701 b,0.555583,0.0121921,141.60001,2.8,2.8
CoRoT-18 b,0.0295483,0.00155517,1.9000693,2.8E-06,2.8E-06
HD 75898 b,1.18906,0.0416794,418.20001,5.7,5.7
GJ 1214 b,0.0143253,0.000577878,1.58040482,2.4E-07,2.4E-07
16 Cyg B b,1.66027,0.0277059,798.5,1,1
HAT-P-25 b,0.0465813,0.000776354,3.652836,1.9E-05,1.9E-05
HD 213240 b,1.88529,0.0339353,882.7,7.6,7.6
HD 12661 b,0.838172,0.0177087,262.70861,0.082795,0.082795
Kepler-9 c,0.22473,0.00749099,38.90861,0.000738,0.000738
HD 74156 c,3.8997,0.0668119,2520,15,15
HD 20794 c,0.203628,0.00339854,40.114,0.053,0.053
Kepler-31 c,0.254502,0.0119188,42.6318,0.0005,0.0005
HD 38801 b,1.6471,0.0317884,696.3,2.7,2.7
HD 132563 B b,2.62431,0.0582866,1544,34,34
Kepler-61 b,0.257458,0.00500051,59.87756,0.0002,0.0002
GJ 667 C c,0.125092,0.00208676,28.13,0.03,0.03
HD 207832 c,2.1118,0.100039,1155.7,71.9,37
Kepler-44 b,0.0454854,0.0012741,3.24674,1.8E-05,1.8E-05
HD 5891 b,0.636168,0.0369719,177.11,0.32,0.32
HD 173416 b,1.16272,0.0583746,323.6,2.2,2.2
HD 76700 b,0.0511051,0.00147114,3.97097,0.00023,0.00023
HD 39091 b,3.34651,0.104323,2151,85,85
HD 7449 b,2.33982,0.0421156,1275,15,11
HD 149026 b,0.0431325,0.000718875,2.8758911,2.5E-06,2.5E-06
OGLE-2006-BLG-109L c,4.8168,2.60672,5405.7,6282.3,2483.7
Qatar-2 b,0.0215077,0.000358461,1.3371182,3.7E-06,3.7E-06
HD 216437 b,2.48556,0.0515128,1353,25,25
HAT-P-7 b,0.037964,0.000632733,2.204737,1.7E-05,1.7E-05
HD 49674 b,0.0571073,0.000951819,4.94737,0.00098,0.00098
WASP-38 b,0.0758454,0.00126409,6.87188,1E-05,1E-05
HD 77338 b,0.0612143,0.00109708,5.7361,0.0015,0.0015
Kepler-29 c,0.109809,0.00439236,13.2907,0.0002,0.0002
HD 220773 b,4.94302,0.417832,3724.7,463,463
WASP-6 b,0.0428704,0.000714507,3.361006,2.2E-06,3.4E-06
HD 159868 c,1.02595,0.0172844,352.3,1.3,1.3
HD 137388 b,0.88883,0.0157629,330,2,4
Kepler-52 c,0.10281,0.0017135,16.3850021,0.00014,0.00014
HD 100777 b,1.03378,0.0345267,383.70001,1.2,1.2
HAT-P-5 b,0.0407152,0.000727266,2.788491,2.5E-05,2.5E-05
HD 222582 b,1.33658,0.0222965,572.38,0.61,0.61
Kepler-16 b,0.646795,0.0107801,228.776,0.02,0.037
Kepler-32 d,0.128069,0.00213448,22.7802,0.0005,0.0005
Kepler-58 c,0.119982,0.00199971,15.5741568,0.00027,0.00027
WASP-33 b,0.0255483,0.000425806,1.21986983,4.5E-07,4.5E-07
HD 128311 b,1.08649,0.018287,454.2,1.6,1.6
HD 181433 d,3.02208,0.154972,2172,158,158
TrES-1 b,0.0392516,0.000654194,3.030065,8E-06,8E-06
HD 4208 b,1.65355,0.0295939,828,8.1,8.1
Kepler-62 e,0.426299,0.00710498,122.3874,0.0008,0.0008
HD 5388 b,1.76349,0.0300082,777,4,4
CoRoT-10 b,0.105463,0.00197497,13.2406,0.0002,0.0002
11 UMi b,1.53498,0.0713553,516.22,3.25,3.25
WASP-62 b,0.0567187,0.000945311,4.411953,3E-06,3E-06
HD 4732 c,4.60219,0.175324,2732,81,81
kappa CrB b,2.71619,0.0503798,1300,15,15
Kepler-25 b,0.0708678,0.00118113,6.23855,5.8E-05,5.8E-05
HD 99492 b,0.121908,0.00203192,17.0431,0.0047,0.0047
HD 204941 b,2.55427,0.0842578,1733,74,74
HD 196050 b,2.51056,0.0490039,1378,21,21
WASP-11 b,0.0436466,0.000727443,3.722465,6E-06,8E-06
HD 111232 b,1.97489,0.036653,1143,14,14
HD 117618 b,0.174852,0.00291547,25.827,0.019,0.019
HD 180902 b,1.38103,0.0368461,479,13,13
HIP 12961 b,0.25497,0.00849991,57.435,0.042,0.042
HD 63454 b,0.0362523,0.000604205,2.818049,7.1E-05,7.1E-05
BD +48 738 b,1.11234,0.075497,392.6,5.5,5.5
Kepler-62 c,0.0928559,0.0015476,12.4417,0.0001,0.0001
NGC 2423 3 b,1.6555,0.121866,714.3,5.3,5.3
Kepler-33 c,0.118876,0.00251688,13.17562,0.00014,0.00014
HD 50499 b,3.87172,0.0758418,2457.8717,37.9467,37.9467
CoRoT-14 b,0.0269122,0.000714486,1.51214,0.00013,0.00013
CoRoT-4 b,0.0903166,0.00150528,9.20205,0.00037,0.00037
HAT-P-19 b,0.0466409,0.000777348,4.008778,6E-06,6E-06
Kepler-24 c,0.105496,0.00426764,12.3318,0.00034,0.00034
Kepler-47 c,0.895669,0.0157443,303.158,0.072,0.072
Kepler-33 f,0.253499,0.00536713,41.02902,0.00042,0.00042
HD 2039 b,2.19755,0.0577102,1120,23,23
Kepler-36 c,0.128401,0.00214002,16.23855,0.00038,0.00054
XO-2 b,0.0368367,0.000613945,2.615838,8E-06,8E-06
Kepler-11 d,0.154183,0.00540994,22.68719,0.00021,0.00021
HD 118203 b,0.0702997,0.00117167,6.1335,0.0006,0.0006
WASP-63 b,0.0574592,0.000957654,4.37808,6E-06,6E-06
Kepler-30 b,0.185524,0.00499738,29.334,0.008,0.008
HD 175167 b,2.40085,0.048438,1290,22,22
HAT-P-16 b,0.0413275,0.000688792,2.77596,3E-06,3E-06
TrES-4 b,0.0509243,0.000848739,3.553945,7.5E-05,7.5E-05
NGC 4349 127 b,1.68103,0.15168,677.8,6.2,6.2
GJ 676 A b,1.81539,0.0605981,1056.8,2.8,2.8
Kepler-60 b,0.0750769,0.00125128,7.1316185,9.3E-05,9.3E-05
HD 47186 c,2.38704,0.0780331,1353.6,57.1,57.1
HIP 14810 d,1.88623,0.0356086,950.69651,12.6436,12.6436
HD 142245 b,2.77628,0.0948437,1299,48,48
Kepler-59 c,0.136086,0.0022681,17.9801235,0.0003,0.0003
HD 30177 b,3.80821,0.133773,2770,100,100
Kepler-4 b,0.0455763,0.000894387,3.21346,0.00022,0.00022
HD 190647 b,2.07238,0.0631651,1038.1,5.1,5.1
HD 97658 b,0.0796373,0.00132732,9.4909,0.0016,0.0015
Kepler-57 b,0.0588891,0.000981484,5.7293196,1.8E-05,1.8E-05
HD 106270 b,4.37827,0.400595,2890,390,390
HD 30856 b,2.04004,0.0704508,912,41,41
HD 48265 b,1.59435,0.0746346,762,50,50
HD 89307 b,3.26609,0.0665009,2166,38,38
HD 163607 c,2.41789,0.0414759,1314,8,8
WASP-49 b,0.0378972,0.00105046,2.7817387,5.6E-06,5.6E-06
Kepler-37 c,0.139784,0.00394575,21.301886,4.6E-05,4.4E-05
Kepler-55 b,0.153688,0.00256146,27.9481449,0.00024,0.00024
HD 4313 b,1.13327,0.0228958,356,2.6,2.6
HD 2638 b,0.0435743,0.000726241,3.4442,0.0002,0.0002
HD 168443 b,0.29385,0.0048975,58.11247,0.0003,0.0003
HD 10180 f,0.49279,0.0082306,122.72,0.2,0.2
HD 45350 b,1.94413,0.0383935,963.6,3.4,3.4
HD 69830 c,0.185072,0.00308849,31.559999,0.04,0.04
Kepler-21 b,0.0427173,0.000711954,2.785755,3.1E-05,3.4E-05
HD 47186 b,0.0498411,0.000830686,4.0845,0.0002,0.0002
KELT-3 b,0.0412729,0.000687882,2.70339,1E-05,1E-05
Kepler-51 c,0.379271,0.00632118,85.3128662,0.00096,0.00096
HD 148427 b,1.03886,0.0184139,331.5,3,3
epsilon Tau b,1.93647,0.0342627,594.90002,5.3,5.3
Kepler-11 e,0.1939,0.0068035,31.9959,2.8E-05,2.8E-05
HD 208487 b,0.520765,0.00878551,130.08,0.51,0.51
epsilon Eri b,3.37558,0.322438,2500,350,350
Kepler-69 c,0.709354,0.0249588,242.4613,0.0059,0.0064
HD 20782 b,1.36607,0.0231719,591.9,2.8,2.8
HD 190360 c,0.129216,0.00215374,17.111027,0.00483338,0.00483338
Kepler-23 c,0.0986522,0.00311066,10.7421,0.00025,0.00025
HD 65216 b,1.37427,0.0285452,613.09998,11.4,11.4
Kepler-42 b,0.0112809,0.00144627,1.2137672,4.6E-06,4.6E-06
HAT-P-13 b,0.0426946,0.000874889,2.91625,1E-05,1E-05
GJ 3634 b,0.0286881,0.00106253,2.64561,0.00066,0.00066
Kepler-9 b,0.140548,0.00468494,19.243158,9.8E-05,9.8E-05
HD 130322 b,0.0896052,0.00149342,10.7085,0.0003,0.0003
omega Ser b,1.07698,0.0413803,277.02,0.52,0.51
HD 16175 b,2.1185,0.0666334,990,20,20
HD 46375 b,0.0399038,0.000665063,3.023573,6.5E-05,6.5E-05
Kepler-48 c,0.0854683,0.00142447,9.6739283,2E-05,2E-05
Kepler-60 d,0.105629,0.00176049,11.9016171,0.0002,0.0002
Kepler-14 b,0.0806879,0.0013448,6.790123,4.3E-06,4.3E-06
CoRoT-13 b,0.051069,0.00085115,4.03519,3E-05,3E-05
HD 98219 b,1.32398,0.0313152,436.9,4.5,4.5
HD 11964 b,3.1288,0.059001,1944.5898,25.7322,25.7322
HAT-P-34 b,0.0677467,0.00112911,5.452654,1.6E-05,1.6E-05
Kepler-31 b,0.158038,0.00740125,20.8613,0.0002,0.0002
HD 139357 b,2.34618,0.139594,1125.7,9,9
HD 1461 b,0.0635202,0.00105883,5.7727,0.0025,0.0025
HAT-P-30 b,0.0419042,0.000698404,2.810595,5E-06,5E-06
Kepler-37 b,0.102457,0.0028921,13.367308,5.8E-05,8.5E-05
HD 8535 b,2.4447,0.0535549,1313,28,28
HAT-P-28 b,0.0433674,0.00072279,3.257215,7E-06,7E-06
HD 4203 b,1.16537,0.0220541,431.88,0.85,0.85
HD 102956 b,0.0810025,0.00176791,6.4948,0.0004,0.0004
GJ 176 b,0.0656822,0.00109503,8.7832,0.0054,0.0054
HD 23079 b,1.59509,0.0278494,730.6,5.7,5.7
HD 178911 B b,0.344904,0.011497,71.484,0.02,0.02
WASP-58 b,0.0562022,0.00199298,5.01718,1.1E-05,1.1E-05
HD 162020 b,0.0756944,0.00126157,8.428198,5.6E-05,5.6E-05
HD 168746 b,0.0655505,0.00109255,6.404,0.0014,0.0014
GJ 876 c,0.129574,0.00215969,30.0881,0.0082,0.0082
Kepler-20 c,0.0930411,0.00155068,10.854092,1.3E-05,1.3E-05
Kepler-47 b,0.267621,0.00470631,49.514,0.04,0.04
HD 215497 b,0.0465952,0.000776604,3.93404,0.00066,0.00066
Kepler-62 f,0.717595,0.0119599,267.291,0.005,0.005
HD 154345 b,4.21377,0.104894,3341.5588,92.6798,92.6798
Kepler-60 c,0.0871504,0.00145251,8.9193459,0.00011,0.00011
HD 217107 b,0.0750282,0.00125047,7.1268163,3.91E-05,3.91E-05
mu Ara c,5.34057,0.401558,4205.8,458.9,458.9
HD 7199 b,1.36155,0.0249337,615,7,7
GJ 433 b,0.0580371,0.000967294,7.3709,0.0008,0.0008
HAT-P-31 b,0.0611921,0.00127274,5.005425,9.1E-05,9.2E-05
Kepler-41 b,0.0289537,0.000924056,1.855558,7.1E-06,7.1E-06
HD 40307 d,0.132422,0.00220745,20.46,0.01,0.01
HD 290327 b,3.43052,0.1612,2443,161,161
GJ 876 e,0.333345,0.010492,124.26,0.7,0.7
HD 169830 c,3.60184,0.307498,2102,264,264
47 UMa c,3.57197,0.110525,2391,93.5,93.5
HD 63765 b,0.94038,0.0157705,358,1,1
HD 85390 b,1.52377,0.0410323,788,25,25
WASP-77 A b,0.0240406,0.000400676,1.3600309,2E-06,2E-06
55 Cnc e,0.0154393,0.000257321,0.736546,3E-06,3E-06
HIP 57274 d,1.00678,0.0265141,431.7,8.5,8.5
HD 221287 b,1.25015,0.0353899,456.10001,6.5,6.5
KOI-13 b,0.0362917,0.000605125,1.7637,0.0013,0.0013
HD 192699 b,1.12292,0.0190744,345.53,1.7,1.7
HD 181342 b,1.777,0.060568,663,29,29
HD 131496 b,2.1121,0.0699438,883,29,29
PSR B1257+12 c,0.321369,0.00535614,66.5419,0.0001,0.0001
HD 44219 b,1.18713,0.0219341,472.3,5.65,5.65
75 Cet b,1.97678,0.0555905,691.9,3.6,3.6
Kepler-27 b,0.10464,0.00858582,15.3348,0.00033,0.00033
Kepler-40 b,0.0806644,0.00134442,6.87349,0.00064,0.00064
HD 220074 b,1.60044,0.133499,672.1,3.7,3.7
HAT-P-39 b,0.0509456,0.000849093,3.54387,5E-06,5E-06
WASP-26 b,0.0399686,0.000666144,2.7566,1E-05,1E-05
HIP 2247 b,1.33884,0.022329,655.6,0.6,0.6
GJ 876 d,0.0208066,0.000346776,1.93778,2E-05,2E-05
HD 38529 b,0.1272,0.00212001,14.310195,0.000805778,0.000805778
BD +20 2457 c,1.45701,0.0975269,621.99,10.2,10.2
HD 22781 b,1.16847,0.0194755,528.07,0.14,0.14
HD 120084 b,4.26892,1.35211,2082,24,34
HD 20868 b,0.947319,0.0157894,380.85,0.09,0.09
HAT-P-9 b,0.0528645,0.00178968,3.92289,4E-05,4E-05
Kepler-33 e,0.213825,0.00452714,31.7844,0.00039,0.00039
Kepler-19 b,0.0845828,0.00140971,9.2869944,8.8E-06,8.8E-06
HD 107148 b,0.270013,0.00554527,48.056,0.057,0.057
51 Peg b,0.0521068,0.000868447,4.230785,3.6E-05,3.6E-05
WASP-60 b,0.0531041,0.000885069,4.3050011,6.2E-06,6.2E-06
55 Cnc f,0.773567,0.0129169,261.2,0.4,0.4
HD 212301 b,0.034116,0.000649835,2.245715,0.00028,0.00028
HAT-P-15 b,0.0964692,0.00160782,10.863502,2.7E-05,2.7E-05
HD 209458 b,0.047235,0.000787249,3.52474859,3.8E-07,3.8E-07
HD 102272 b,0.512595,0.0310768,127.58,0.3,0.3
HD 181433 b,0.0800943,0.00133495,9.3743,0.0019,0.0019
HD 187123 b,0.042091,0.000701517,3.0965828,7.84E-06,7.84E-06
HD 108147 b,0.101407,0.00169034,10.8985,0.0045,0.0045
WASP-61 b,0.0514489,0.000983996,3.8559,3E-06,3E-06
Kepler-58 b,0.0905953,0.00150992,10.2184954,0.00015,0.00015
HD 215497 c,1.28243,0.0217568,567.94,2.7,2.7
CoRoT-17 b,0.0480499,0.00154006,3.7681,0.0003,0.0003
HD 20794 d,0.349781,0.00584901,90.309,0.184,0.184
xi Aql b,0.53813,0.0404055,136.75,0.25,0.25
HD 33564 b,1.1241,0.0196105,388,3,3
HD 40979 b,0.846038,0.0141092,264.15,0.23,0.23
GJ 581 c,0.0729238,0.00156828,12.9182,0.0022,0.0022
HD 10180 c,0.0641175,0.00106863,5.75962,0.00028,0.00028
WASP-31 b,0.0466223,0.000777038,3.405909,5E-06,5E-06
HD 134987 c,5.82513,0.331323,5000,400,400
HD 40307 b,0.0468927,0.000781557,4.3115,0.0006,0.0006
iota Dra b,1.31029,0.0613005,511.098,0.089,0.089
HD 108874 b,1.03527,0.0172862,394.48124,0.598627,0.598627
HD 4732 b,1.19218,0.0389484,360.2,1.4,1.4
HD 23596 b,2.77219,0.0483382,1561,12,12
HD 25171 b,3.03064,0.189726,1845,167,167
HD 83443 b,0.0404623,0.000674371,2.985698,5.7E-05,5.7E-05
WASP-36 b,0.0262601,0.000437668,1.5373653,2.7E-06,2.7E-06
HD 43691 b,0.241901,0.00403262,36.959999,0.02,0.02
30 Ari B b,0.99475,0.0173016,335.1,2.5,2.5
HAT-P-6 b,0.0523738,0.000879664,3.852985,5E-06,5E-06
Kepler-35 b,0.48628,0.00810778,131.458,0.077,0.105
BD -08 2823 c,0.679166,0.0216051,237.6,1.5,1.5
4 UMa b,0.876999,0.0357887,269.29999,1.96,1.96
Qatar-1 b,0.0234308,0.000390514,1.420033,1.6E-05,1.6E-05
HD 10697 b,2.13177,0.0355848,1075.2,1.5,1.5
Kepler-32 e,0.0323795,0.000539663,2.896,0.0003,0.0003
Kepler-11 f,0.249453,0.00875275,46.68876,0.00074,0.00074
BD +20 2457 b,1.04992,0.0694334,379.63,2.01,2.01
mu Ara d,0.0927843,0.00176619,9.6386,0.0015,0.0015
HD 3651 b,0.29472,0.00491223,62.218,0.015,0.015
HD 99706 b,2.13423,0.0783704,868,37,37
HD 169830 b,0.813279,0.013565,225.62,0.22,0.22
HD 175541 b,0.961227,0.0230905,297.3,6,6
HD 202206 c,2.49004,0.0548717,1383.4,18.4,18.4
HD 145457 b,0.762504,0.0401475,176.3,0.39,0.39
HD 206610 b,1.53703,0.0520917,610,13,13
HD 12661 c,2.91927,0.0636663,1707.8812,13.8648,13.8648
Kepler-12 b,0.0556348,0.000927246,4.4379637,2E-07,2E-07
HAT-P-36 b,0.0238229,0.000397048,1.327347,3E-06,3E-06
WASP-35 b,0.0431283,0.000718806,3.161575,2E-06,2E-06
HD 69830 d,0.627426,0.0122444,197,3,3
HD 28254 b,2.14768,0.048928,1116,26,26
HD 81688 b,0.811148,0.0135295,184.02,0.18,0.18
HD 210277 b,1.13105,0.0188702,442.19,0.5,0.5
WTS-1 b,0.0465809,0.00129391,3.352059,1.2E-05,1.4E-05
Kepler-51 b,0.248169,0.00413614,45.1555023,7.2E-05,7.2E-05
XO-1 b,0.049283,0.000943751,3.941534,2.7E-05,2.7E-05
Kepler-33 d,0.166175,0.0035183,21.77596,0.00011,0.00011
Kepler-20 d,0.345324,0.0057554,77.61184,0.00015,0.00037
55 Cnc b,0.113377,0.00188961,14.651,0.0001,0.0001
WASP-65 b,0.0333955,0.00167576,2.3114243,1.5E-06,1.5E-06
HD 207832 b,0.569755,0.020308,161.97,0.97,0.78
WASP-55 b,0.0532575,0.000887624,4.465633,4E-06,4E-06
HD 33283 b,0.145378,0.00390818,18.179001,0.007,0.007
HD 10180 e,0.269917,0.00449945,49.747,0.024,0.024
55 Cnc d,5.47467,0.0939312,4909,30,30
WASP-3 b,0.0314948,0.000524913,1.846834,2E-06,2E-06
HD 148156 b,2.12913,0.0525055,1027,28,28
TrES-5 b,0.0245157,0.000408595,1.4822446,7E-07,7E-07
HD 222155 b,5.13864,0.463631,3999,469,541
HD 73526 b,0.646509,0.0109703,188.3,0.9,0.9
HD 117207 b,3.73753,0.0736732,2597,41,41
HD 121504 b,0.328688,0.00547911,63.330002,0.03,0.03
HD 156846 b,1.11751,0.0186261,359.51001,0.09,0.09
Kepler-18 b,0.0447299,0.000745498,3.504725,2.8E-05,2.8E-05
HAT-P-23 b,0.0231971,0.000386619,1.212884,2E-06,2E-06
HD 224693 b,0.192441,0.00482403,26.73,0.02,0.02
HD 158038 b,1.49788,0.0386455,521,6.9,6.9
Kepler-26 c,0.113189,0.00188649,17.25204,0.00025,0.00025
GJ 179 b,2.41241,0.079286,2288,59,59
Kepler-22 b,0.848513,0.0174951,289.8623,0.0016,0.002
Kepler-68 c,0.0907019,0.0015117,9.605085,7.2E-05,7.2E-05
Kepler-42 d,0.0150222,0.00192592,1.865169,1.4E-05,1.4E-05
HD 143361 b,2.03474,0.11742,1086,90,90
HD 155358 b,0.626938,0.0168268,194.3,0.3,0.3
HD 192310 b,0.322307,0.00537948,74.72,0.1,0.1
WASP-64 b,0.0265195,0.000441992,1.5732918,1.5E-06,1.5E-06
upsilon And b,0.0593858,0.000989764,4.6171363,5.62E-05,5.62E-05
Kepler-56 c,0.167568,0.0027928,21.4050484,0.00036,0.00036
HD 86081 b,0.0346186,0.000576981,2.1375,0.0002,0.0002
HD 109246 b,0.328074,0.0119176,68.27,0.13,0.13
Kepler-68 d,1.39639,0.0334855,580,15,15
HD 128311 c,1.74533,0.0298449,923.8,5.3,5.3
CoRoT-23 b,0.0483417,0.0011308,3.6313,0.0001,0.0001
WASP-39 b,0.0485835,0.000809725,4.055259,9E-06,9E-06
GJ 876 b,0.208098,0.00650309,61.1166,0.0086,0.0086
HD 164509 b,0.877542,0.0166097,282.4,3.8,3.8
HD 9446 b,0.189213,0.00630813,30.052,0.027,0.027
HD 18742 b,1.97816,0.0748165,772,11,11
WASP-80 b,0.0344696,0.000990507,3.0678504,2.7E-06,2.3E-06
HD 167042 b,1.29371,0.022598,420.77,3.3,3.3
HD 69830 b,0.0781916,0.00130332,8.6669998,0.003,0.003
Kepler-8 b,0.0483278,0.000863234,3.52254,3E-05,5E-05
HD 114762 b,0.362932,0.0120977,83.9151,0.003,0.003
61 Vir c,0.216926,0.00361774,38.021,0.034,0.034
HD 45652 b,0.227878,0.00462861,43.6,0.2,0.2
HAT-P-14 b,0.0606258,0.00101043,4.627669,5E-06,5E-06
WASP-66 b,0.0546221,0.000980397,4.086052,7E-06,7E-06
HD 73256 b,0.0371348,0.000618915,2.5485799,0.00016,0.00016
Kepler-56 b,0.104248,0.00173747,10.5034294,0.00025,0.00025
6 Lyn b,2.18639,0.055765,874.774,12,12
HD 180314 b,1.45528,0.055993,396.03,0.62,0.62
HD 17092 b,1.30798,0.0571653,359.89999,2.4,2.4
HIP 57274 b,0.0712798,0.00162756,8.1352,0.004,0.004
HD 202206 b,0.811776,0.0163771,255.87,0.06,0.06
WASP-5 b,0.0271923,0.000453206,1.6284229,4.3E-06,3.9E-06
CoRoT-2 b,0.0280884,0.000579142,1.7429935,1E-06,1E-06
HD 108874 c,2.72021,0.0521797,1680.3835,23.9362,23.9362
HD 200964 c,2.00121,0.0340061,825,4.1,4.1
HD 10180 h,3.42452,0.120055,2248,102,106
HD 33142 b,1.09038,0.0219788,326.6,3.9,3.9
HAT-P-20 b,0.03616,0.000602667,2.875317,4E-06,4E-06
HD 7924 b,0.0566409,0.000944074,5.3978,0.0015,0.0015
CoRoT-5 b,0.0496334,0.000827224,4.0378962,0.0002,0.0002
WASP-47 b,0.0520112,0.000866853,4.1591399,7.2E-06,7.2E-06
Kepler-36 b,0.115423,0.00192372,13.83989,0.00082,0.0006
HAT-P-35 b,0.0497734,0.000829557,3.646706,2.1E-05,2.1E-05
HD 99109 b,1.10806,0.0207299,439.3,5.6,5.6
Kepler-5 b,0.0506416,0.000844027,3.54846,3.2E-05,3.2E-05
HD 10647 b,2.02175,0.0824527,1003,56,56
Kepler-28 c,0.0768547,0.00128091,8.98597,0.00027,0.00027
upsilon And c,0.830445,0.0138475,241.33335,0.189011,0.189011
WASP-12 b,0.0225329,0.000375549,1.09142245,3.3E-07,3.3E-07
HD 170469 b,2.23538,0.0452381,1145,18,18
HD 88133 b,0.0469104,0.00079511,3.41587,0.00059,0.00059
HD 196885 b,2.54171,0.0464553,1333,15,15
24 Sex b,1.4118,0.0244426,455.2,3.2,3.2
HD 190228 b,2.60478,0.0459746,1136.1,9.9,9.9
OGLE-2006-BLG-109L b,2.30586,0.489994,1789.72,548.4,583.876
HD 181720 b,1.84741,0.0356838,956,14,14
55 Cnc c,0.237305,0.00395515,44.38,0.007,0.007
HD 156411 b,1.87545,0.0379527,842.2,14.5,14.5
HD 27894 b,0.122117,0.00203554,17.990999,0.007,0.007
HD 156279 b,0.494507,0.00835298,131.05,0.54,0.54
61 Vir d,0.474527,0.00803427,123.01,0.55,0.55
HD 179079 b,0.119635,0.00365907,14.476,0.011,0.011
WASP-4 b,0.0230406,0.000421988,1.3382299,2.3E-06,2.1E-06
HD 4113 b,1.27266,0.0212165,526.62,0.3,0.3
HD 330075 b,0.0392074,0.000653457,3.38773,8E-05,8E-05
HD 104985 b,0.678014,0.0586746,199.505,0.085,0.085
HD 87883 b,3.57648,0.0960546,2754,87,87
HD 10180 g,1.42271,0.0293701,602,11,11
HD 66428 b,3.14259,0.0703736,1973,31,31
HD 52265 b,0.499878,0.00833477,119.29,0.086,0.086
HD 16417 b,0.135435,0.00225786,17.24,0.01,0.01
Kepler-15 b,0.0571382,0.000952303,4.942782,1.3E-06,1.3E-06
HD 205739 b,0.894939,0.0195627,279.8,0.1,0.1
CoRoT-16 b,0.0617874,0.00150061,5.35227,0.0002,0.0002
HD 216770 b,0.455837,0.00772722,118.45,0.55,0.55
HD 136418 b,1.29111,0.0297208,464.3,3.2,3.2
Kepler-59 b,0.103167,0.00171945,11.8681707,0.00036,0.00036
beta Pic b,8.76034,1.49677,7159,1826,1826
HD 188015 b,1.19018,0.0298231,461.2,1.7,1.7
WASP-59 b,0.0696866,0.00116144,7.919585,1E-05,1E-05
WASP-54 b,0.049881,0.00083135,3.6936411,7.4E-06,4.3E-06
HAT-P-8 b,0.0449613,0.000749354,3.076337,3.6E-06,3.6E-06
WASP-15 b,0.0499436,0.000832394,3.7521,9E-06,1.1E-05
HD 10180 d,0.128581,0.00214314,16.3567,0.0043,0.0043
HD 9446 c,0.65375,0.0218863,192.9,0.9,0.9
XO-4 b,0.05524,0.000920667,4.1250828,4E-06,4E-06
WASP-48 b,0.034488,0.000574801,2.143634,3E-06,3E-06
HD 37124 b,0.533637,0.00889632,154.378,0.089,0.089
WASP-32 b,0.0390315,0.000650524,2.718661,2E-06,2E-06
OGLE-TR-211 b,0.0512842,0.000854736,3.67724,3E-05,3E-05
gamma Cep b,1.9793,0.0734448,905.574,3.08,3.08
Kepler-11 g,0.463832,0.0162748,118.37774,0.00112,0.00112
GJ 86 b,0.114217,0.00190362,15.76491,0.00039,0.00039
HD 8574 b,0.757141,0.0126269,227,0.2,0.2
HD 82886 b,1.58126,0.0783915,705,34,34
HD 179949 b,0.0439208,0.000732013,3.092514,3.2E-05,3.2E-05
HD 2952 b,1.22755,0.0209982,311.6,1.7,1.9
HIP 14810 c,0.545404,0.00909271,147.76916,0.0890137,0.0890137
HD 28678 b,1.31659,0.0439196,387.1,3.4,3.4
WASP-56 b,0.056145,0.00093575,4.617101,4E-06,2E-06
Kepler-18 c,0.0752115,0.00125353,7.64159,3E-05,3E-05
CoRoT-8 b,0.0633825,0.00105637,6.21229,3E-05,3E-05
HD 96167 b,1.34724,0.0446015,498.9,1,1
HD 43197 b,0.918027,0.0154636,327.8,1.2,1.2
HD 37605 c,3.81754,0.638488,2720,57,57
HD 183263 b,1.49006,0.0248952,626.516,1.0976,1.0976
Kepler-32 c,0.0676835,0.00112806,8.7522,0.0003,0.0003
Kepler-23 b,0.0749015,0.00236302,7.10664,0.011,0.011
WASP-23 b,0.037022,0.00197767,2.9444256,1.2E-06,1.2E-06
11 Com b,1.17872,0.0558596,326.03,0.32,0.32
HD 145377 b,0.450064,0.00751044,103.95,0.13,0.13
omicron CrB b,0.826048,0.0155932,187.83,0.54,0.54
beta Gem b,1.73458,0.0867434,589.64001,0.81,0.81
Pr 201 b,0.0565986,0.000945196,4.4264,0.007,0.007
WASP-52 b,0.0271336,0.000452227,1.7497798,1.2E-06,1.2E-06
47 UMa b,2.10149,0.0351212,1078,2,2
HD 240210 b,1.33364,0.0890051,501.75,2.33,2.33
HD 109749 b,0.0629198,0.0017334,5.24,0.002,0.002
HD 45364 c,0.897549,0.0182494,342.85,0.28,0.28
WASP-50 b,0.0294714,0.000848017,1.9550959,5.1E-06,5.1E-06
GJ 3470 b,0.0356123,0.00147013,3.33714,0.00017,0.00017
HD 96127 b,1.42112,0.132442,647.3,16.8,16.8
HD 17156 b,0.163197,0.00271996,21.21663,0.00045,0.00045
HD 16760 b,1.08727,0.0235072,465.1,2.3,2.3
HD 30562 b,2.34083,0.0649419,1157,27,27
Kepler-46 b,0.1969,0.00328167,33.60134,0.00021,0.0002
epsilon CrB b,1.23696,0.0515494,417.9,0.5,0.5
omicron UMa b,3.94973,0.0867768,1630,35,35
TrES-2 b,0.0355765,0.0007359,2.47063,1E-05,1E-05
HD 102195 b,0.0479747,0.000799589,4.113775,0.000557,0.000557
HD 75289 b,0.047858,0.000797634,3.509267,6.4E-05,6.4E-05
HD 185269 b,0.0765701,0.00199403,6.8378503,0.001,0.001
WASP-7 b,0.0604573,0.00100762,4.954658,4.9E-05,4.9E-05
WASP-41 b,0.0404959,0.00127882,3.052401,4E-06,4E-06
BD -10 3166 b,0.0437823,0.000729706,3.48777,0.00011,0.00011
HD 190360 b,3.97285,0.0712176,2915.0369,28.8606,28.8606
HAT-P-13 c,1.22574,0.0251209,446.27,0.22,0.22
GJ 317 b,0.953818,0.0529912,692.90002,0.4,0.4
HD 37605 b,0.283337,0.0472229,55.01307,0.00064,0.00064
WASP-44 b,0.0347371,0.000578952,2.4238039,8.7E-06,8.7E-06
CoRoT-12 b,0.0401409,0.000924706,2.828042,1.3E-05,1.3E-05
CoRoT-1 b,0.0253191,0.00133258,1.5089557,6.4E-06,6.4E-06
HD 125612 c,0.0522124,0.000949327,4.15474,0.00052,0.00052
GJ 581 b,0.0406125,0.000873386,5.36865,9E-05,9E-05
HD 102117 b,0.152077,0.00264481,20.8133,0.0064,0.0064
HD 189733 b,0.0309953,0.000615292,2.21857567,1.5E-07,1.5E-07
HD 108863 b,1.45325,0.033872,443.4,4.2,4.2
HD 1502 b,1.27206,0.0323082,431.8,3.1,3.1
HD 142022 b,2.93163,0.0675407,1928,46,46
WASP-72 b,0.036575,0.000609584,2.216726,1.5E-06,1.5E-06
HD 212771 b,1.16471,0.0217507,373.3,3.4,3.4
HD 134987 b,0.807929,0.0159702,258.18,0.07,0.07
HD 187123 c,4.83146,0.366704,3805.6705,422.695,422.695
HD 101930 b,0.302019,0.00682166,70.459999,0.18,0.18
Kepler-46 c,0.280101,0.00467195,57.011,0.051,0.061
HD 131664 b,3.17098,0.0690411,1951,41,41
HIP 57050 b,0.163506,0.00480918,41.397,0.016,0.016
Kepler-9 d,0.0266925,0.000889752,1.592851,4.5E-05,4.5E-05
Kepler-49 b,0.0598092,0.000996821,7.2037945,2.2E-05,2.2E-05
WASP-67 b,0.0517914,0.00086319,4.61442,1E-05,1E-05
HD 147018 c,1.92274,0.039381,1008,18,18
Kepler-32 b,0.0520435,0.000867392,5.90124,0.0001,0.0001
HD 92788 b,0.951142,0.0158604,325.81,0.26,0.26
HAT-P-12 b,0.0383737,0.000639561,3.2130598,2.1E-06,2.1E-06
HD 154857 b,1.29206,0.0216371,409,1,1
Kepler-25 c,0.113953,0.00189922,12.720359,3.8E-05,3.8E-05
HD 163607 b,0.359201,0.00598702,75.29,0.02,0.02
HD 19994 b,1.30567,0.0219914,466.2,1.7,1.7
WASP-29 b,0.0456587,0.000760979,3.922727,4E-06,4E-06
OGLE-TR-182 b,0.0513517,0.000855862,3.9791,1E-05,1E-05
HD 85512 b,0.260405,0.00435723,58.43,0.13,0.13
HD 106252 b,2.61147,0.0438514,1531,4.7,4.7
18 Del b,2.58655,0.0434657,993.3,3.2,3.2
Kepler-54 c,0.0822829,0.00137138,12.0717249,0.00029,0.00029
Kepler-33 b,0.0677431,0.00143427,5.66793,0.00016,0.00016
Kepler-34 b,0.86856,0.0144767,288.822,0.063,0.081
HD 171028 b,1.31895,0.0265545,550,3,3
WASP-1 b,0.0385203,0.000642005,2.5199449,1.3E-06,1.3E-06
XO-5 b,0.0508651,0.000847751,4.1877537,1.7E-06,1.7E-06
HAT-P-3 b,0.0388252,0.000683346,2.899703,5.4E-05,5.4E-05
upsilon And d,2.52452,0.0424048,1278.1218,4.00647,4.00647
